그리스 신화의 이해 ,,9788957331880,아카넷,0
세계만화,,9788984986213,(도서출판)생각의나무,0
통계이론과 응용 ,,9788958533115,학현사,,0
(C 전문가 원일용의) C를 게임으로 정복하기 ,,9788994914312,비앤씨에듀케이션,0
XNA를 이용한 Windows Phone 7 게임 프로그래밍 ,,9788994774015,비제이퍼블릭,,0
교육과정 및 교수방법 ,,9788925401294,교육과학사,0
서양사총론 II,,9788987314464,(도서출판)탐구당,0
Do it! HTML5+CSS3 웹 표준의 정석,,9788997390250,이지스퍼블리싱(주),0
아동발달,,899163317X,(도서출판)박학사,0
수리물리학 ,,9788971291962,범한서적,0
필수유기화학,,8989314909,(도서출판)라이프 사이언스,0
세계 종교 둘러보기(10주년 기념 개정판),,9788932316727,(주)현암사,0
교양법학 강의,,9788991071810,필맥,0
지식재산권법의 이해,,9791186456606,동방문화사,0
(표준) 일반화학실험,,8985056123,천문각,0
기초전자기학 4판,,9788992887977,진샘미디어,0
움직이는 글쓰기,,9788972731887,서강대학교출판부,0
움직이는 글쓰기,,9788972731863,서강대학교출판부,0
움직이는 글쓰기,,9788972731870,서강대학교출판부,0
대인관계문제검사 매뉴얼,,8975487229,학지사,0
(유희왕 제알 오피셜카드게임) 공식 카드 가이드북 ,,9788967258467,대원씨아이,0
(최상의 일본어 학습을 위한) Top class 일본어 ,"[1(1)-1(2)]",9788959954452,다락원,0
(공학인증을 위한) 확률과 통계 ,,9788998338015,카오스북,0
(풀어쓴) 대학한문,,9788952117557,서울대학교출판문화원,0
세계 종교 산책 ,,9788997927852,시그마프레스,0
미분적분학(제11판),,897088307X,청문각,0
